Name;Email;BirthDate
Lev Mckinney;dolor@gravidanonsollicitudin.net;20/05/1997
Carson Payne;ullamcorper.Duis.at@lacusNulla.edu;26/12/1971
Stuart Barnes;rutrum.lorem.ac@Nam.net;21/06/1934
Wesley Haley;luctus.ut.pellentesque@magnis.org;14/09/1950
Ivor Barnes;tellus.justo.sit@nec.edu;24/08/1990
Joshua George;aliquet.nec.imperdiet@nisi.net;11/02/1932
Berk Gibson;Cras.dictum.ultricies@adipiscingnonluctus.edu;04/02/1950
Julian Lowery;blandit@dolorsit.co.uk;07/10/1940
Kadeem Dunlap;neque.Nullam@urnaNunc.org;04/03/1974
Aristotle Gilmore;purus.Maecenas@dui.edu;22/11/2008
Alvin Ratliff;torquent.per.conubia@nequeSedeget.edu;04/06/1945
Kevin Forbes;sagittis@rhoncusidmollis.edu;03/08/1954
Barry English;tortor.dictum.eu@interdumligulaeu.ca;20/03/1974
Eric Martin;urna@Duiscursusdiam.edu;12/06/2005
Erasmus Hayes;lectus@ante.org;13/04/2000
Fulton Berg;senectus@loremsitamet.ca;04/01/1993
Lionel Dawson;arcu.Vestibulum@Sednunc.org;27/12/2004
Timon Kane;nec.leo.Morbi@Phasellus.com;26/06/1987
Hedley Guy;Pellentesque.habitant.morbi@rhoncus.com;05/05/1997
Harding Dickson;facilisis@imperdietdictummagna.edu;28/07/1999
Kenneth Mullins;venenatis.lacus@tristique.com;05/08/1958
Camden Pennington;nunc.id.enim@erat.co.uk;15/11/1943
Dale Santana;lorem.eget@risus.org;18/07/1947
Alec Guerrero;amet@massa.org;19/12/1993
Kaseem Walters;nibh.enim@eleifend.net;28/10/1955
Orson Watts;dictum.augue.malesuada@sitamet.com;26/06/1997
Kareem Love;ultrices.mauris.ipsum@urna.org;18/05/1957
Ryder Payne;ante.iaculis@tincidunt.com;21/08/2012
Flynn Watkins;Nunc.quis@Ut.edu;29/06/2002
Paul Jenkins;lorem.Donec.elementum@ante.com;24/05/1981
Damian Tucker;ultrices.posuere@cursus.co.uk;27/01/1977
Yuli Mccoy;felis.Donec.tempor@Sed.org;03/10/1990
Rashad Pugh;Etiam@porttitor.net;08/01/1961
Jameson Parker;montes@Aliquamauctor.org;23/07/1956
Magee Soto;ut.erat@Nunc.net;24/11/1949
Ciaran Parker;nunc@arcu.net;06/02/1967
Orson Calhoun;arcu.Curabitur@magna.com;15/12/1969
Hu Dalton;nulla.vulputate@nequeNullam.com;16/11/2010
Wyatt Jensen;libero.Proin@ornare.com;13/09/1949
Keane Carr;non.quam@Integer.com;23/01/1990
Adrian Velez;adipiscing.lacus.Ut@Quisque.ca;08/04/2004
Richard Whitney;sodales@id.net;19/03/1971
Quentin Pierce;dui@pharetrasedhendrerit.co.uk;01/06/1939
Valentine Larsen;congue@accumsanlaoreet.org;21/06/1963
Phelan Martin;Integer@hendreritidante.net;22/06/1994
Keefe Kidd;erat@Aeneangravidanunc.org;02/07/1944
Charles Mckenzie;mi.enim.condimentum@dui.ca;27/10/2007
Micah Hays;bibendum.ullamcorper.Duis@Sedpharetra.org;09/03/1966
Kasimir Peck;lobortis.augue@ultriciesadipiscing.net;12/11/1996
Brandon Cote;est.tempor.bibendum@ornare.org;04/01/2011
Troy Anderson;vel@Proinvelarcu.edu;30/04/1930
Carl Conrad;nec.ante@aliquet.org;14/08/1968
Wing Small;diam.dictum@quam.net;18/02/1952
Ray Stokes;tempor.est.ac@nequenonquam.org;24/03/1995
Marsden Eaton;Donec.fringilla.Donec@malesuadaIntegerid.com;25/03/1992
William Greer;pede.Cras.vulputate@ametconsectetuer.edu;20/08/1971
Jarrod Mccarty;Duis.gravida@dolorDonecfringilla.net;06/03/1930
Mannix Cervantes;ipsum@insodales.edu;27/04/1937
Orson Holt;Integer.id@magna.edu;03/09/1969
Cullen Moon;lorem.ipsum.sodales@blandit.edu;07/12/1974
Caesar Stewart;eu.arcu@amet.com;27/08/1936
Denton Gilbert;lorem@parturient.edu;01/03/1963
Marshall Valentine;turpis.nec@penatibus.org;21/02/2015
Curran Buck;facilisi.Sed.neque@porttitorscelerisque.com;28/03/2009
Coby Castaneda;lectus.a.sollicitudin@Phasellusliberomauris.ca;21/10/1948
Caldwell Tucker;orci.adipiscing.non@nulla.ca;01/08/1944
Timon Church;a.auctor.non@eget.ca;05/02/1951
Todd Osborne;orci@tristiquealiquetPhasellus.edu;07/01/1934
Aquila Leach;adipiscing.non.luctus@turpis.com;28/05/1930
Raymond Salas;molestie.in@malesuadamalesuada.co.uk;01/12/1932
Reece Mckee;cursus@quis.edu;04/12/1973
Julian Walls;Praesent@metusIn.net;28/04/1959
Daniel Morin;Mauris.ut.quam@musProinvel.co.uk;05/05/2012
Harrison Gray;lorem.tristique.aliquet@senectus.co.uk;10/08/1941
Paki Brooks;tempor.arcu.Vestibulum@In.com;11/11/1985
Wang Romero;purus.gravida.sagittis@Duisatlacus.org;11/10/2002
Neil Barlow;Aenean.gravida.nunc@ut.ca;24/06/2013
Devin Shaw;Cras.eget.nisi@urna.org;08/01/1991
Lance Walsh;purus.gravida.sagittis@Nullamlobortis.edu;27/06/2012
Carson Bishop;morbi.tristique@iaculisnec.ca;27/05/1933
Nasim Odonnell;neque@natoquepenatibus.com;09/04/1976
Justin Blankenship;vestibulum.lorem.sit@quis.net;08/12/1949
Zahir Christian;Duis.gravida.Praesent@quis.edu;03/12/2012
Dillon Nielsen;risus@Uttinciduntvehicula.org;15/05/1977
Flynn Mcneil;lorem@magna.com;18/01/2003
Laith Powers;eu.nulla@semPellentesqueut.ca;03/08/1992
Tanek Ferrell;iaculis@dui.co.uk;28/02/2017
Paul Mcdaniel;faucibus@dolor.org;05/06/2017
Jared Barnes;erat.nonummy@fermentumrisus.com;12/04/1944
Micah Sanders;luctus.et@luctusipsumleo.co.uk;26/11/1947
Solomon Greer;sem.molestie@odiosagittis.ca;26/07/1999
Erich Mcmillan;magna.Lorem@blanditviverraDonec.co.uk;01/03/1938
Lane Wolf;Aliquam.erat.volutpat@Mauris.ca;23/07/1949
Geoffrey Grimes;enim.gravida.sit@Duisvolutpat.edu;27/03/1983
James Murray;porttitor.interdum@blanditat.ca;23/03/2013
Kelly Huff;vitae.erat@Nuncquisarcu.edu;03/06/1990
Kelly Moody;mauris.Morbi.non@diamPellentesque.co.uk;05/10/1937
Colt Sears;dapibus.rutrum.justo@vitaeorci.edu;25/08/1987
Thaddeus Sharpe;nisl@luctus.org;15/04/1935
Amir Shelton;est.Nunc@quisaccumsan.org;22/01/1936
Fritz Valencia;vitae@massa.ca;11/06/1956
Lester Salinas;in@auctor.com;02/12/2003
Dean Terrell;massa.Suspendisse.eleifend@afeugiattellus.edu;02/10/1963
Yuli Underwood;fermentum.metus@pharetraut.com;18/08/1990
Tyrone Stone;amet.lorem@tincidunttempusrisus.com;29/10/1960
Cameron Mccarty;Mauris@intempuseu.com;13/04/2015
Valentine Mcfadden;rutrum@consectetueripsumnunc.net;12/07/1944
Brennan Herrera;ipsum.sodales.purus@nuncIn.net;23/06/2007
Dolan Nixon;ac.nulla.In@augueutlacus.co.uk;15/12/1943
Chandler Ryan;lorem.ac@blanditenimconsequat.net;23/07/1951
Kevin Clements;iaculis.quis@Maurisutquam.net;11/12/1954
Roth Mccarty;at@cursusIntegermollis.com;01/08/1952
Ulysses Skinner;Maecenas@Suspendisse.org;10/03/1957
Axel Sherman;et.ultrices.posuere@augueut.ca;25/01/1947
Cameron Cabrera;nec.ante.Maecenas@miAliquam.ca;04/09/1972
Yasir Kirby;Fusce.mollis@montesnascetur.co.uk;22/03/2001
Magee Hartman;molestie.pharetra.nibh@Proineget.net;25/12/2014
Laith Jefferson;vitae.erat.Vivamus@molestiedapibus.ca;19/07/1936
Magee Greer;Donec.est.mauris@nibh.org;02/05/1941
Alvin Fuentes;tellus.eu.augue@dapibusquamquis.com;15/12/2011
Kennan Howell;quam@VivamusnisiMauris.edu;09/05/1934
Ronan Avery;accumsan@Lorem.edu;15/02/2011
Eric Sykes;parturient.montes.nascetur@acrisus.co.uk;20/12/1995
Felix Roberson;sed.orci.lobortis@rutrumFusce.org;01/05/1997
Dorian Bean;libero.lacus.varius@purusDuis.net;23/10/1982
Hu Madden;semper.tellus@Aliquamadipiscing.co.uk;26/02/2006
Dale Ramos;commodo@ipsum.ca;15/12/1932
Colorado Blankenship;lectus.Cum@egestasAliquamfringilla.edu;15/12/1994
Steel Walsh;et@inceptoshymenaeos.edu;17/12/1975
Geoffrey Sullivan;vestibulum.nec.euismod@non.org;06/01/1959
Abel Moody;nisi.a.odio@tincidunt.com;13/08/1971
Barrett Porter;Cras@Curabitursedtortor.co.uk;14/10/2007
Grant Barry;a.sollicitudin.orci@natoquepenatibus.net;15/06/1982
Kyle Durham;commodo@tincidunt.ca;03/07/1932
Cullen Oneill;et.malesuada@Suspendissealiquetsem.com;26/02/1951
Lance Morales;massa.non@utnisi.ca;15/07/1939
Simon Carpenter;non@morbitristiquesenectus.ca;11/08/1987
Marsden Gilliam;Vestibulum.accumsan.neque@Vestibulum.ca;15/05/1949
Stephen Briggs;odio@scelerisque.ca;17/03/1959
Henry Hendricks;libero.Integer@enim.ca;22/01/2006
Gannon Morse;lorem.semper@cursusvestibulumMauris.net;16/10/1979
Lyle Jimenez;dignissim.lacus.Aliquam@sitametconsectetuer.org;14/12/2002
Gil Mclaughlin;elementum.dui.quis@incursuset.org;31/08/1933
Eaton Orr;interdum.Nunc@magnaPraesent.com;26/10/1932
Burton Gonzalez;enim@risusMorbi.org;15/11/1985
Cameron Huffman;nunc.id@Maecenasiaculisaliquet.ca;03/11/1967
Donovan Espinoza;nec.enim.Nunc@Donecsollicitudin.com;03/11/1964
Stuart Diaz;sagittis@tinciduntvehicula.co.uk;17/11/1949
Davis Castaneda;risus.at.fringilla@ac.org;24/08/1974
Gabriel Murray;interdum@etarcu.org;28/01/1941
Kadeem Burgess;scelerisque.mollis@magna.edu;27/03/1998
Fletcher Reilly;dignissim@sempercursus.ca;04/12/1988
Vernon Gilbert;arcu.et.pede@gravidasit.edu;14/07/2009
Henry Hunter;mauris.erat.eget@eudolor.com;07/05/2014
Abdul Jones;pede@aliquetmetusurna.org;14/05/1986
John Wyatt;vulputate.mauris@Morbiquisurna.edu;11/04/1966
Logan Francis;lorem.Donec@erat.edu;23/09/1967
Deacon Bowers;libero@dapibusgravidaAliquam.net;02/11/1965
Sylvester Mayo;fermentum.vel@acipsumPhasellus.net;23/06/1939
Brian Barr;blandit@Quisque.edu;21/04/1958
Acton Craig;convallis.erat@NullainterdumCurabitur.co.uk;27/05/1969
Dominic Gilmore;ut.molestie@suscipitest.com;27/07/1978
Victor Mccall;purus.mauris@commodoipsumSuspendisse.com;14/09/2010
Uriah Rosa;cursus.et.magna@molestie.ca;30/12/2007
Kelly Hooper;id@Cumsociisnatoque.net;11/04/1943
Jackson Marshall;hymenaeos.Mauris@estarcu.com;29/01/2015
Brendan Aguirre;libero@ullamcorperviverra.edu;26/08/2015
Tyrone Howe;euismod.mauris.eu@dictumeleifendnunc.net;21/06/1963
Dale Chaney;mauris@pedemalesuada.edu;28/02/2013
Beau Rogers;placerat@pedeultrices.co.uk;10/12/2004
Macaulay Mccarty;lacinia@dapibusrutrumjusto.ca;20/11/1965
Raymond Mckinney;odio.Nam.interdum@eutellus.edu;24/06/1940
Beck Jarvis;ultrices@adipiscinglacus.co.uk;02/02/2015
Silas Emerson;vel.sapien@ridiculusmusDonec.net;17/12/1964
Jerome Beck;neque.et@ametconsectetueradipiscing.net;10/11/1972
Raymond Schwartz;mauris.Suspendisse@sem.com;09/06/2015
Lee Head;Nam@purusaccumsan.net;20/07/1942
Jamal Fleming;ac.mattis.ornare@magnisdisparturient.org;17/01/1984
Aaron Graham;Aliquam@tellus.net;06/02/1950
Valentine Castro;ac.mattis.ornare@elementum.org;20/06/1974
Akeem Peterson;ligula@atauctor.co.uk;26/10/1961
Vladimir Evans;gravida.Aliquam@nuncrisusvarius.co.uk;25/12/1941
Matthew Leblanc;dictum.ultricies@magna.co.uk;11/12/2014
Sean Pierce;vitae.semper@dolorsitamet.org;12/05/1993
Hasad Webster;a.feugiat@lorem.net;06/12/1949
Nash Burt;a.malesuada.id@orci.co.uk;10/07/1977
Kareem Bender;quis.diam@ornarelectus.org;12/09/2003
Chaim Macdonald;luctus@lorem.org;11/04/2006
Ryan Holcomb;cursus.non.egestas@consequatdolor.edu;09/08/1958
Addison Miles;Donec@dignissim.com;14/10/1993
Moses Cabrera;Sed.et.libero@Pellentesquetincidunt.ca;29/04/2005
Matthew Chan;orci.adipiscing@Nunc.co.uk;24/04/1936
Brenden Garcia;metus@Sed.org;07/04/1984
Xenos Hancock;Mauris.quis@massa.com;01/03/1970
Channing Foreman;sed@dictum.org;13/03/1995
Eaton Willis;magna.Phasellus@etmagnis.edu;04/08/1976
Ashton Espinoza;eu.arcu.Morbi@at.org;12/02/1999
Slade Gaines;Maecenas.iaculis.aliquet@bibendumfermentum.com;26/03/1986
Knox Butler;ligula.eu.enim@vestibulumMaurismagna.co.uk;27/02/1945
Hoyt Kelly;Nulla.tempor.augue@malesuadaiderat.org;16/05/2003
Gavin Cole;mi@ut.edu;28/06/1951
Jeremy Gordon;urna.suscipit@ridiculusmusAenean.com;27/07/2005
Kennedy Dickerson;Proin.non@vitaealiquet.net;07/01/1974
Alec Carroll;sapien.molestie.orci@Aenean.edu;24/09/2007
Jameson Webster;tellus@vitaedolorDonec.net;05/01/1989
Prescott Lawrence;mollis.vitae.posuere@ante.co.uk;17/06/1995
Daniel Obrien;id.sapien.Cras@diam.org;03/10/2007
Quentin Herman;lacinia.Sed.congue@liberonec.co.uk;20/06/1936
Duncan Pacheco;Vivamus.sit.amet@pellentesqueSed.net;25/12/1989
Declan Gay;lectus.pede@vitae.org;11/10/1942
Emmanuel Moses;fames@necimperdietnec.edu;09/04/1951
Magee Horn;justo@duiCraspellentesque.com;05/07/1992
Quentin Lynch;rutrum.eu.ultrices@liberoestcongue.edu;19/09/1996
Ishmael Lowe;vitae.diam@Phasellusataugue.co.uk;20/02/1978
Yoshio Pennington;libero.et.tristique@faucibusorciluctus.com;27/11/2009
Lev Avila;Quisque.imperdiet.erat@anteVivamus.ca;12/11/1952
Maxwell Gutierrez;Phasellus.at.augue@magna.edu;12/01/1948
Gary Burgess;ut.ipsum@dolor.org;05/03/1948
Steven Leon;Sed@sitametmetus.co.uk;07/11/1985
Odysseus Fuentes;natoque.penatibus@venenatisa.co.uk;24/06/1953
Dieter Irwin;elit.pede.malesuada@maurisaliquam.edu;03/08/1937
Forrest Guerra;Curae.Donec@Mauris.org;08/03/1934
Hayden Salazar;volutpat@risus.org;13/08/1963
Howard Haney;tincidunt.aliquam@sit.edu;26/12/1950
Donovan Richardson;Suspendisse.aliquet.molestie@Pellentesqueutipsum.edu;06/02/1952
Shad Reid;libero@arcuNunc.ca;24/03/2002
Lane Haynes;elit.dictum@Donecvitae.com;21/12/1997
Lucius Booth;turpis@natoquepenatibuset.com;25/10/2007
Kyle Stuart;dictum.ultricies.ligula@Sed.co.uk;20/06/1990
Colorado Leonard;Aliquam.ultrices@placeratvelitQuisque.co.uk;03/02/2008
Theodore Pollard;fringilla.porttitor.vulputate@et.co.uk;03/07/1978
Christopher Camacho;sit.amet@ornarefacilisiseget.org;23/11/1975
Otto Morales;sit@Namac.ca;30/11/1959
Dennis Jensen;Class.aptent@quisaccumsanconvallis.com;07/05/1953
Macon Roy;sociis.natoque.penatibus@atliberoMorbi.co.uk;14/03/2015
Wylie Gaines;Pellentesque.tincidunt@elementumat.net;28/08/1949
Owen Wilkinson;orci@tinciduntnibh.co.uk;16/08/1956
Ross Wade;Duis.volutpat@diam.edu;22/10/2015
Lucian Rollins;tellus.faucibus.leo@loremsemper.edu;22/03/1986
Jacob Holt;eget@cursusdiamat.edu;25/01/1988
Baker Clay;Curabitur.consequat.lectus@duilectus.co.uk;25/04/2000
Jin Weiss;neque.Nullam@lectusCumsociis.net;26/05/1955
Mohammad Willis;auctor.vitae.aliquet@vitaemauris.org;19/10/1982
Andrew Harris;ligula.elit.pretium@intempuseu.ca;09/04/2017
Flynn Dixon;quis.arcu.vel@nec.org;11/07/1977
Cairo Benton;malesuada@nisidictumaugue.com;15/06/2015
Kenneth Webb;arcu.Vestibulum.ut@ami.co.uk;06/06/1973
Keane Kane;egestas@velit.com;21/08/1997
Tucker Hill;elit.fermentum@nequeseddictum.org;24/11/1931
Oleg Small;dictum@sitametorci.com;12/04/1946
Jerry Hogan;volutpat.ornare.facilisis@ut.net;04/09/1931
Nehru Dunn;pharetra@ut.org;01/02/2017
Mohammad Rios;varius@lacusEtiambibendum.com;10/08/1984
Eaton Avila;Phasellus@Proin.co.uk;11/08/1959
Gavin Bates;Fusce.diam.nunc@rhoncusid.co.uk;15/05/1947
Castor Goff;libero@neque.com;12/04/1931
Craig Mooney;scelerisque.sed.sapien@Integerurna.org;10/02/1931
Griffith Mcleod;vel.vulputate@vulputatenisisem.com;13/07/1985
Keane Bennett;tellus.Phasellus.elit@ullamcorpereueuismod.com;09/06/1965
Oren Browning;Nulla.facilisis.Suspendisse@sociis.edu;02/05/1992
Adrian Knox;non@etmagnis.org;13/06/1981
Deacon White;sapien.Cras.dolor@Donectemporest.com;19/01/2005
Malcolm Whitaker;pede.et.risus@consectetuercursuset.net;01/12/1980
Elijah Benjamin;Mauris@ametfaucibus.com;13/10/2004
Hunter Booker;ultricies.ligula.Nullam@dictumProin.com;28/04/1953
Jared Hughes;lectus.ante@sociisnatoquepenatibus.net;10/09/1983
Avram Young;enim.commodo.hendrerit@nec.edu;14/07/2003
Blaze George;euismod@CuraeDonectincidunt.ca;18/02/2013
Macon Rocha;Morbi.vehicula@nibhsitamet.org;17/03/1941
Patrick York;Quisque.porttitor@Quisque.com;11/05/1985
Cullen Booker;iaculis.aliquet@lacusCrasinterdum.org;16/02/1977
Palmer Hartman;felis.adipiscing.fringilla@purus.com;31/12/1988
Hilel Bernard;dui.Fusce@eueros.ca;31/10/2016
Chandler Mclaughlin;lorem.fringilla@etipsumcursus.edu;18/08/2010
Fitzgerald Solis;congue@Phasellusin.ca;31/12/1965
Wallace Patrick;accumsan.neque.et@Aliquamnec.com;26/10/2011
Drake Merritt;tincidunt.dui@Aeneangravidanunc.edu;13/06/1934
Gavin Wilson;tellus@lorem.ca;03/04/2000
Kenneth Glenn;ipsum@hymenaeosMaurisut.edu;02/12/1935
Kelly Cantu;blandit@consequatpurus.co.uk;27/07/1966
Gavin Mendez;sociis@loremsit.org;10/02/1971
Nissim Roberson;magnis.dis.parturient@diam.edu;18/09/1999
Aaron Obrien;ut.pharetra.sed@Fuscealiquamenim.org;08/07/1945
Sebastian Mcintosh;mollis.Duis@etipsumcursus.net;15/03/1949
Uriel Mitchell;magna.Duis.dignissim@nuncsitamet.net;20/08/1979
Barry Cooper;ultricies@nisi.net;03/11/1931
Colin Ashley;ipsum.Curabitur@aliquetmolestie.org;15/03/1985
Chandler Meyers;lorem.vehicula.et@non.co.uk;28/01/1967
Hamilton Bartlett;penatibus.et.magnis@acmattis.com;29/07/1997
Laith Romero;amet.consectetuer@quamCurabitur.org;18/02/1996
Judah Villarreal;quam@orciin.co.uk;01/06/1982
Chandler Butler;nisi@nunc.edu;03/01/1984
Vernon Blake;lobortis.nisi@ac.org;11/12/1998
Sawyer Rivas;blandit.Nam@Nunclaoreetlectus.ca;18/04/1961
Hamilton Puckett;enim.commodo.hendrerit@tellusnonmagna.ca;20/04/1944
Igor Ramirez;diam.luctus@vel.net;26/07/1949
Geoffrey Dennis;ultrices@Sed.co.uk;16/11/1954
Kareem Woods;egestas@iaculisneceleifend.net;18/05/1980
Garrison Greer;ac@Crasconvallisconvallis.com;02/11/1962
Alden Buck;vestibulum.nec@auctor.com;19/03/1932
Roth Stanley;cursus.vestibulum.Mauris@ultricesDuisvolutpat.edu;30/01/1976
Moses Dickson;ante.iaculis@dictumplacerat.net;11/11/1934
Hoyt Lynn;lorem.ut.aliquam@acipsum.net;04/03/1986
Channing Sharp;adipiscing.enim@adipiscingelit.ca;11/02/1946
Blaze Woodard;tempus.scelerisque.lorem@eleifend.com;01/10/1979
Demetrius Pitts;Sed.molestie.Sed@montesnascetur.org;05/11/1994
Brenden Herman;Suspendisse.aliquet@elitpede.ca;25/12/1958
Hasad Odonnell;ultrices.Vivamus.rhoncus@magnis.ca;10/07/2005
Buckminster Cote;Nam@nequepellentesquemassa.org;26/12/1974
Price Carver;Maecenas.ornare@turpisnec.com;29/07/1981
Amir Conley;orci@Proin.com;11/03/2000
Clark Medina;Donec.nibh@auctor.co.uk;15/02/2000
Berk Compton;nibh.Quisque.nonummy@augue.org;05/05/1938
Wang Bright;orci@tellusnonmagna.org;28/10/1974
Ryder Middleton;mi.felis@Lorem.ca;11/08/1981
Lester Petty;Suspendisse.dui.Fusce@Nulla.edu;18/08/1981
Nissim Lyons;elementum@ac.co.uk;21/11/1993
Travis Slater;scelerisque.dui.Suspendisse@necleo.ca;15/04/1972
Reuben Norton;dignissim@facilisis.co.uk;31/12/1992
Nasim Nixon;leo@sodales.edu;10/07/2011
Kyle Avery;dictum.eu.placerat@tellus.net;04/06/1978
Ishmael Fleming;adipiscing@aliquet.com;20/01/1979
Leonard Vazquez;nisl.Quisque.fringilla@eget.net;30/05/1983
Palmer Mcpherson;est.congue@a.org;10/09/1996
Harding Mcclure;nec.urna.suscipit@antedictumcursus.ca;16/10/1974
Jason Solomon;neque@tinciduntorciquis.org;18/07/1995
Adam Chaney;felis.Donec.tempor@at.edu;02/09/1995
Keaton Malone;auctor.quis.tristique@diamvel.ca;14/06/1980
Branden Kidd;montes.nascetur.ridiculus@quistristiqueac.co.uk;23/02/1974
Reed Reyes;lectus.justo@etrutrum.net;02/06/1993
Thomas Barrera;neque.et@adipiscingMauris.com;17/11/1977
Cade Webb;ac.fermentum.vel@Seddictum.edu;19/05/1980
Owen Baldwin;id@lacusCrasinterdum.com;14/02/1941
Alec Malone;et@ut.edu;27/07/1932
Levi Jacobs;lorem.eget@vitaesodales.net;18/04/1961
Beau Albert;Suspendisse@primisinfaucibus.org;30/04/1934
Rafael Conrad;nunc.est.mollis@Craseget.com;09/11/1932
Merritt Le;dictum.Phasellus@facilisiSed.org;06/10/2001
Calvin Hammond;posuere.vulputate.lacus@ante.com;07/06/1961
Troy Atkinson;Sed.nec@consequatenim.edu;09/01/1932
Upton Bruce;nunc.Quisque.ornare@asollicitudin.edu;17/04/1957
Perry Christian;Nullam@Curabitur.org;23/05/1963
Victor Hebert;eget@semvitaealiquam.co.uk;27/03/1954
Erasmus Hodge;lacinia.orci.consectetuer@estvitae.edu;02/04/1948
Harper Alston;non@egestas.com;04/05/1952
Hayes Griffin;ridiculus.mus@feugiat.net;30/12/1946
Abdul Bean;sociis@sem.org;22/09/1999
Griffin Lynch;arcu.Nunc.mauris@ante.com;30/01/1950
Alan Palmer;sapien.gravida.non@tortordictumeu.net;01/07/1985
Basil Mccarthy;In.faucibus.Morbi@necorci.com;08/01/1993
Solomon Salazar;convallis.ante@rhoncusProin.com;01/04/1939
Dante Spencer;ligula.Nullam.feugiat@blanditcongue.org;17/02/2018
Chadwick Craig;purus.accumsan@in.edu;10/02/1936
Quinlan Underwood;nunc@gravida.org;26/02/1949
Dale Giles;pede.Cum@luctussitamet.com;30/12/1934
Patrick Alexander;consectetuer.adipiscing.elit@Quisquenonummy.co.uk;26/10/1962
Yuli Frank;vel.arcu.Curabitur@a.org;22/09/1943
Colby Best;Integer.vulputate@Duiscursusdiam.net;20/10/2017
Chancellor Walton;sagittis.augue@Crasvulputatevelit.co.uk;21/02/1948
Alec Peck;adipiscing.lobortis@nequesed.org;07/10/1987
Cade Ellison;semper@ligulaAenean.ca;08/04/1981
Alvin Simon;Aliquam.tincidunt@inconsequatenim.ca;04/07/2009
Thor Howell;eget.metus@Aeneanegetmetus.edu;08/01/1956
Yoshio Hood;justo.nec.ante@Quisque.org;29/05/1970
Roth Fry;at.egestas.a@vitaeeratvel.ca;15/01/2010
Noble Bond;sem.elit.pharetra@lacinia.edu;11/08/1991
Lewis Bird;vel@vestibulumMaurismagna.edu;28/08/2010
Cole Gross;varius@dictum.com;29/05/1986
Bert Herman;Nunc.ut.erat@egetvolutpat.ca;28/11/2015
Stephen Waller;dolor@ultricesposuere.net;10/07/2007
Oscar Kirkland;est.arcu.ac@AeneanmassaInteger.edu;16/10/1971
Asher Brown;tempus.non.lacinia@etcommodo.edu;29/05/2009
Prescott Vega;ornare.lectus.ante@Proinsedturpis.org;21/07/1972
Oscar Nielsen;orci.Donec@interdumenim.ca;22/03/1947
Flynn Russo;mauris.aliquam@ipsum.edu;18/04/1954
Rashad Holden;non@risusNunc.org;12/05/1971
Leroy Matthews;at.arcu.Vestibulum@odio.ca;09/02/1930
Logan Tran;vitae.semper@arcu.co.uk;11/10/1993
Abdul Fleming;consequat.lectus@maurisipsumporta.ca;16/11/2011
Nissim Robinson;magnis.dis@tortor.net;21/08/2013
Kyle Sexton;sem.consequat@CuraeDonectincidunt.ca;24/06/1936
Kamal Prince;vulputate.velit@egetipsum.org;07/12/2013
Abraham Flynn;id.magna.et@non.org;07/05/1968
Robert Chase;non.lorem@Integertinciduntaliquam.com;08/04/1999
Graham Shields;amet@auctorquistristique.org;22/03/1979
Cullen Sparks;nisl.Maecenas@tellusNunclectus.ca;17/09/1960
Kenneth Sykes;velit.eget.laoreet@sapien.net;12/08/1953
Levi Clay;scelerisque.sed@mollis.ca;19/07/1994
Donovan Hanson;parturient.montes.nascetur@acmetus.edu;18/12/2004
Beau Ruiz;nonummy.ut.molestie@Nullamscelerisque.org;07/09/1959
Forrest Hayes;lobortis@tempus.net;17/11/1983
Dorian Pickett;ligula.tortor.dictum@idrisus.edu;25/11/1952
Clarke Hahn;hendrerit@sed.edu;11/11/1943
Caleb Becker;varius.ultrices.mauris@nullavulputatedui.net;28/05/1948
Perry Washington;sem.elit.pharetra@senectusetnetus.ca;22/10/2004
Gary Rosario;natoque.penatibus.et@Phasellus.ca;03/12/1970
Vance Figueroa;Sed@aliquetmolestietellus.co.uk;22/07/1964
Stephen Manning;ac.mattis.ornare@aliquameuaccumsan.org;29/07/1945
Cole Curtis;nibh@ridiculusmus.com;20/02/1997
Wade Livingston;orci@nullaIntincidunt.net;27/12/1937
Orlando Ellison;Cras.dictum@lectusa.com;05/06/1974
Omar Edwards;Quisque.nonummy@senectuset.org;16/12/1940
Adam Bradford;velit.egestas@etmagnisdis.com;04/08/2002
Alden Harper;lacus.Etiam.bibendum@nislarcuiaculis.co.uk;18/09/1959
Louis Hughes;sapien.molestie.orci@enimgravida.ca;04/08/1979
Jonah Obrien;est@rutrumjusto.net;20/04/1949
Macaulay Harrell;velit.Pellentesque@sociis.co.uk;22/12/1941
Talon Stanton;Pellentesque.habitant@atnisiCum.org;16/07/1974
Cruz Ward;vitae@libero.com;16/01/1969
Hyatt Yates;nascetur.ridiculus@disparturientmontes.ca;14/05/1950
Byron Craft;justo.sit@a.edu;01/01/2017
Donovan Woods;sodales.purus@acturpisegestas.com;29/04/1958
Carl Mckay;lacus.Aliquam@lacusvestibulum.co.uk;22/12/1931
Myles Ayers;sem.molestie@auctorveliteget.edu;07/03/1997
Seth Beach;rutrum@amagnaLorem.com;04/11/1937
Rudyard Smith;magna.a.tortor@sit.ca;05/03/2001
Avram Leblanc;sociis.natoque.penatibus@Namligulaelit.net;27/01/2013
Kelly Serrano;Sed.neque@Donecvitaeerat.co.uk;01/10/1970
Gavin Kaufman;enim.Nunc@tellus.org;23/09/1986
Colin Rowland;pede@ligula.com;03/05/1999
Benjamin Pierce;tincidunt.aliquam.arcu@orcilobortisaugue.net;06/07/1966
Quentin Cote;et.netus.et@velvenenatis.org;19/06/2011
Wayne Moon;quis.diam.luctus@cursus.edu;09/02/1952
Gabriel Love;nulla@atvelitPellentesque.org;22/04/1932
Neville Haney;bibendum.Donec.felis@elit.co.uk;18/04/1994
Abraham Tate;nibh@eratsemperrutrum.edu;10/01/1974
Brandon Rosales;mauris@velitQuisquevarius.co.uk;30/10/1935
Troy Watkins;magna.Phasellus@ornare.org;05/03/1987
Kibo Daniels;vel.mauris@egetmetus.com;16/03/2001
Thane Mendoza;Lorem@Nullam.edu;14/07/1934
Orlando Grimes;elit@Nullainterdum.edu;16/03/1992
Yardley Gutierrez;ac@eusem.net;09/05/1983
Jerry Jackson;tincidunt.aliquam.arcu@nullaCraseu.edu;23/03/1962
Cadman Watson;et.magna@fringilla.net;26/11/1996
Connor Wynn;Vivamus.sit@anteiaculis.com;25/01/1936
Gray Ewing;porttitor@ultricies.org;21/03/1933
Scott Silva;porttitor.tellus.non@quisturpisvitae.edu;21/05/1935
Cooper Richmond;justo@mauris.co.uk;01/09/1955
Buckminster Terrell;in.cursus@massarutrummagna.net;09/08/1950
Barclay Golden;lobortis@sapien.co.uk;06/01/2015
Bradley Daniels;elit.dictum@tempuslorem.org;19/04/1987
Troy Moon;Donec@maurissit.org;21/12/1975
Xanthus Barton;enim.non@lacusvestibulum.net;10/09/1989
Alfonso Mckee;lectus@aliquameros.com;10/12/2009
Emmanuel Dean;consectetuer.adipiscing.elit@nuncIn.co.uk;02/08/1985
Kuame Mccullough;eu.eleifend.nec@maurissagittis.org;09/06/2012
Samuel Flores;leo@facilisisvitae.net;03/01/2000
Tyrone Wallace;tincidunt@enimcommodohendrerit.co.uk;13/05/2000
Vincent William;turpis.In.condimentum@aliquet.co.uk;16/09/2014
Lamar French;vitae@nuncIn.net;26/04/1984
Martin Frye;Proin.nisl@vitae.edu;13/09/1972
Castor Becker;dolor@Sed.org;24/03/2008
Brendan Bartlett;neque@Cras.com;19/08/1973
Bruce Perry;sagittis.Duis@tinciduntnibh.net;22/06/1962
Stephen Savage;nisl.Maecenas@Duisvolutpat.edu;17/08/1971
Grady Parker;nisl.Maecenas@molestietortor.org;17/12/2000
Andrew Garrett;luctus.sit@nasceturridiculus.org;22/06/1972
Christian Cotton;sed.pede@sit.edu;13/12/1979
Kato Rose;consequat.dolor.vitae@ligulaNullamfeugiat.com;26/08/2013
Arthur Santana;Nam.porttitor@dui.ca;11/07/2008
Daniel Finley;Mauris.non.dui@variuseteuismod.com;24/12/1987
Wade Mcpherson;Morbi@malesuadafamesac.org;16/05/1976
Lucius Combs;mollis.Phasellus@sitametluctus.ca;10/07/1960
Trevor Rios;Aliquam.ornare@maurisblanditmattis.ca;09/10/2011
Jarrod Lott;Morbi.vehicula.Pellentesque@odiosemper.ca;07/11/1994
Noah Larsen;Duis.gravida.Praesent@turpisegestasAliquam.edu;26/09/2005
Barrett William;eget.metus@magnaseddui.edu;13/01/1990
Bevis Woods;dui@mitemporlorem.edu;27/01/1995
Isaiah Chaney;adipiscing.non@ipsum.edu;24/03/2012
Josiah Padilla;eu.neque.pellentesque@sem.org;22/08/1947
Cruz Hayes;Proin.sed.turpis@porttitorvulputate.co.uk;25/12/1989
Hedley Hale;ut.odio@quisturpisvitae.co.uk;04/07/1946
Dorian Nieves;eleifend.nunc@non.ca;16/09/2005
Forrest Johnson;amet.consectetuer.adipiscing@molestie.net;26/04/1993
Drew Chase;tincidunt@loremlorem.co.uk;09/01/1995
Jamal Calhoun;risus.Donec.egestas@Loremipsum.org;28/08/1976
Brandon Payne;ligula@lobortismauris.org;02/03/1972
Brennan Kennedy;mollis.Duis.sit@amet.co.uk;26/07/1965
Armando Sosa;neque.pellentesque@nec.ca;15/11/2017
Stewart Horn;risus.a@feugiat.ca;07/08/1966
Declan Weber;ac@maurisInteger.com;04/09/2002
Forrest Ferguson;Vivamus@parturientmontesnascetur.net;06/09/1934
Malik Davenport;Aliquam@Aliquamerat.co.uk;06/06/2015
Chester Oneal;luctus@natoque.net;04/08/1931
Alvin Sosa;neque.non@blanditcongueIn.org;16/11/1931
Lars Coffey;augue.eu.tellus@etliberoProin.com;06/07/1943
Talon Glover;semper.pretium@parturientmontes.co.uk;12/06/1972
Quinn Figueroa;in.consequat@dui.com;01/05/2014
Elijah Schwartz;Phasellus.elit@nonsollicitudin.ca;30/06/1970
Lars Wiley;dignissim.pharetra@sempertellusid.edu;26/02/1972
Xenos Wiley;Duis@tellus.edu;07/04/1931
Amos Larsen;est@utmolestie.org;25/01/1972
Herman Armstrong;sit.amet@Aliquam.co.uk;12/02/1979
Travis Hampton;erat.vel.pede@metusVivamus.edu;03/12/1937
Hayden Byers;libero@loremvitaeodio.co.uk;09/11/1960
Howard Hull;lectus.quis@arcu.co.uk;29/01/2013
Alan Silva;nunc.ac@imperdiet.ca;26/01/1977
Cole Lloyd;a.sollicitudin@ornareIn.net;23/01/1957
Barclay Mccullough;est.ac.facilisis@ridiculusmus.net;10/10/1953
Rafael Santiago;nec.diam.Duis@Integermollis.co.uk;21/11/1980
Ferdinand Montgomery;leo.Morbi.neque@quisurna.org;27/04/2000
Macon Williams;Praesent@Etiam.com;05/12/1991
Orson Gillespie;ac.ipsum@dolorFuscefeugiat.ca;18/01/1961
Yoshio Petersen;ut.lacus.Nulla@diam.co.uk;04/10/1990
Solomon Koch;vitae@auctorvelit.co.uk;15/08/1961
Porter Abbott;inceptos.hymenaeos@rhoncus.com;23/04/1934
Sebastian Smith;a@urnaNullam.org;30/03/1973
Tiger Vargas;id.nunc@rutrumjusto.edu;12/09/1994
Zachary Dyer;tempus.risus@ornarelectusjusto.ca;23/06/1978
Gary Conley;ipsum.porta.elit@Suspendissetristiqueneque.ca;24/10/1950
Jerry Collier;tincidunt.adipiscing@mollislectuspede.com;08/05/2015
Felix Dennis;tristique@torquentper.co.uk;24/05/1971
Bruce Hunt;ultricies@faucibusMorbi.ca;01/04/1937
Caldwell Mckay;est.mollis.non@ornarelectus.ca;31/07/1959
Robert Moody;Curabitur.ut@malesuada.com;09/05/1986
Alexander Kelley;molestie.Sed@Maurisquis.org;30/11/1935
Jin Valentine;tincidunt.neque@necante.co.uk;17/07/1978
Rahim Floyd;Cum.sociis@felisegetvarius.org;01/01/2014
Oren Sharp;ipsum.Phasellus.vitae@pretiumetrutrum.com;19/04/1930
Yoshio Carrillo;torquent.per.conubia@lectus.ca;08/06/1964
Salvador Mack;mollis.Phasellus.libero@risus.com;13/01/2018
Graiden Randall;hendrerit.Donec.porttitor@etpede.co.uk;09/02/1999
Graiden Lowe;Etiam@ligulaeuenim.org;10/03/2000
Kibo Kerr;amet.ornare@aliquetProinvelit.com;20/01/1965
Perry Bruce;Mauris@primis.com;23/10/1997
Aidan Gay;tincidunt@laciniaorciconsectetuer.com;09/09/2001
Joseph Head;metus@euismod.com;16/03/1940
Barclay Melton;a@bibendumfermentummetus.co.uk;20/04/1990
Giacomo Richardson;ac.turpis@Integer.co.uk;24/08/1979
Chadwick Middleton;cubilia@convallisligulaDonec.com;23/03/2009
Lewis Matthews;velit.eu.sem@eu.net;02/02/1993
Kuame Abbott;lorem@pedenecante.net;10/04/2012
Kibo Pratt;Donec.felis@dignissimpharetra.org;05/03/1962
Victor Savage;In.ornare.sagittis@malesuada.ca;12/12/1959
Hoyt Golden;Nullam@asollicitudinorci.net;23/09/1978
Yasir Hartman;diam.lorem@in.co.uk;26/07/1969
Martin May;sapien.cursus@NullamnislMaecenas.net;17/11/1994
Derek Vega;posuere.cubilia.Curae@Donectempor.org;07/08/1967
Prescott Petersen;rutrum@pellentesquetellussem.co.uk;15/03/1988
Jordan Sullivan;est.arcu.ac@ac.ca;28/02/1951
Abdul Frye;et.malesuada@sollicitudinadipiscing.com;23/12/1960
Salvador Stout;purus.in@cursusnonegestas.com;16/09/1967
Hector Greene;tincidunt@Donecporttitortellus.co.uk;08/10/1956
Ignatius Todd;eget.varius.ultrices@SedmolestieSed.net;17/02/1986
Wayne Lester;arcu@cubilia.ca;06/08/2012
Austin Guzman;auctor.non.feugiat@Fuscealiquamenim.com;25/05/1987
Kasimir Carson;netus.et.malesuada@eudui.ca;28/11/1976
Prescott Mcfarland;sollicitudin@Fusce.net;18/06/1977
Adrian Ingram;montes.nascetur.ridiculus@rhoncusDonec.ca;09/01/1975
Adrian Brown;non@ut.edu;25/09/1970
Vladimir Savage;nulla@utquamvel.com;28/06/1982
Rajah Rodriquez;id.enim.Curabitur@Crasconvallis.com;16/06/1944
Quinlan Cooper;Quisque.varius@Nullamnisl.edu;05/09/1962
Amal Conrad;ornare.lectus.ante@congueelit.net;22/06/1996
Lawrence Melendez;neque.Nullam@mattisvelitjusto.net;25/05/1949
Declan Ross;laoreet.lectus@mi.ca;01/01/1942
Akeem Duffy;Aenean.gravida@pharetra.com;24/03/1982
Kennan Flynn;enim.gravida@magna.ca;14/08/2009
Oliver Mosley;orci.Donec.nibh@adipiscingenimmi.ca;10/03/1955
Eric Oneill;Quisque@porttitoreros.ca;10/02/1953
Dennis Heath;mi.pede.nonummy@malesuada.net;11/07/1949
Cyrus Gill;tempus.risus@magnaet.ca;04/07/2002
Jelani Stewart;quis.turpis.vitae@nulla.edu;18/09/2008
Tanek Deleon;euismod.et@nullaInteger.org;07/02/2002
Igor Salas;nisl@ultricesiaculisodio.edu;29/10/2013
Isaiah Sparks;lacus.Etiam.bibendum@diam.co.uk;11/09/2005
Alvin Macias;Lorem.ipsum@Crasconvallis.co.uk;04/06/1937
Gray Knapp;non@arcuVestibulumante.com;31/01/1961
Simon Hatfield;tristique.pellentesque@loremeu.ca;21/04/1974
Caleb Carney;cursus.et@lectusa.net;25/07/1978
Reese Roman;ipsum.primis.in@idante.ca;25/02/1970
Quinlan Nash;adipiscing.lacus@sapien.org;13/12/1993
Herrod Gallegos;scelerisque@perinceptos.net;15/11/1991
Igor Daugherty;aliquet.libero.Integer@Fuscediam.ca;20/11/2011
Colton Hester;sit.amet.consectetuer@malesuadaInteger.co.uk;11/10/1982
Stuart Potter;urna.et@temporaugueac.edu;28/09/1937
Kieran Vaughan;Maecenas@etultrices.edu;18/06/1995
Elvis Blackwell;Nunc.mauris@NullainterdumCurabitur.com;18/03/1971
Lawrence Cash;nunc@amet.net;22/09/1983
Marsden Sosa;sem.magna.nec@Sednulla.com;10/11/1978
Hayden Lester;dolor.sit.amet@MaurismagnaDuis.org;05/07/1939
Fritz Green;semper.et@Inscelerisque.edu;02/07/2008
Lev Ruiz;dui.augue.eu@pharetra.com;05/12/2009
Neville Roman;non@dictummi.com;28/08/2016
Lamar Booth;et.magnis.dis@justofaucibus.edu;07/08/1958
Myles Olson;Donec.feugiat.metus@Maurisblanditenim.org;25/05/1995
Francis Barry;quis@asollicitudin.com;05/10/2000
Porter Hendricks;eros@ullamcorper.net;05/01/1966
Lee Hebert;accumsan.sed@erat.edu;31/03/1932
Rashad Carroll;Duis@urnajusto.com;06/05/2005
Tad Sandoval;libero.et.tristique@eu.org;10/07/1941
Justin Bond;id.libero.Donec@orciinconsequat.ca;26/08/2004
Robert Underwood;facilisi@Etiam.net;28/02/1940
Ian Potter;in.felis.Nulla@enimgravidasit.org;09/12/2007
Zachary Gaines;lectus@etcommodo.ca;03/06/2015
Vernon Huber;sit@sodales.edu;10/08/1991
Derek Rowland;sit.amet.lorem@egestasAliquam.co.uk;10/08/1990
Addison Greene;dictum@morbitristique.org;12/03/2010
Dante Mills;Quisque.tincidunt.pede@facilisisSuspendissecommodo.co.uk;04/04/1931
Raphael Mcgowan;ac@egestasa.net;12/06/1963
Mark Murray;ipsum.Phasellus@vitaenibhDonec.org;21/03/1971
Emery Black;Nulla.semper.tellus@elementum.com;06/07/1943
Owen Berry;eget.ipsum@atnisi.co.uk;24/03/1939
Declan Daniels;Sed.et.libero@montesnascetur.com;25/05/1994
Erasmus Branch;vitae.erat@atiaculis.edu;03/10/1946
Quentin Carney;diam@telluseuaugue.net;11/05/1941
Kadeem Berry;eget.lacus@rutrum.co.uk;15/05/1971
Byron Jenkins;hendrerit@veliteu.edu;08/08/1998
Bruno Aguilar;vehicula@pedeNuncsed.ca;31/10/1940
Colt George;lorem.lorem.luctus@milaciniamattis.com;01/06/1944
Nissim Knight;a@mauris.org;28/08/1999
Wang Foley;Nullam.velit.dui@dui.ca;20/08/1945
Honorato Burke;urna.Nunc@aodiosemper.org;31/07/1966
Graiden Christian;non.magna.Nam@sitamet.ca;06/08/1967
Daniel Clements;commodo@ipsum.com;18/01/2003
Adam Bishop;posuere@mauriserat.com;27/01/1998
Price Tran;non.hendrerit.id@tellussem.net;29/04/1961
Xenos Spence;pellentesque.massa@semper.org;22/09/1937
Chase Vazquez;Morbi@id.org;05/11/1955
Dustin Burke;Curae.Donec.tincidunt@sagittis.com;04/10/1972
Addison Horne;taciti@urnajusto.net;10/12/1946
Hamish Valenzuela;interdum.Nunc@orcilobortisaugue.net;23/12/2011
Kibo Hatfield;magna.a@dignissimMaecenas.org;10/09/2006
Wade Dunn;erat.volutpat@Nuncacsem.com;10/04/2002
Lawrence Tyler;ipsum@Sedet.co.uk;04/12/1953
Ralph Dixon;lacinia.vitae.sodales@acsemut.org;17/03/1980
Alvin Branch;Nunc.sollicitudin@Integervulputaterisus.co.uk;19/08/1986
Jack Palmer;Aenean.eget.metus@IntegerurnaVivamus.com;27/07/1935
Raja Fletcher;Morbi.accumsan@InloremDonec.org;05/07/1965
Walter Sosa;eros.turpis.non@eget.org;06/11/1947
Clinton Garrett;Donec@etmagnisdis.org;01/11/1958
Cade Padilla;dui.nec@vestibulumnequesed.co.uk;17/10/2009
Aaron Blair;massa@est.com;19/01/1931
Lawrence Vance;ipsum.Curabitur@in.org;02/07/1948
David Stark;velit@risusDonec.ca;30/09/1986
Edward Spears;lobortis.quis.pede@semperduilectus.co.uk;24/01/1968
Colby Melendez;arcu.vel.quam@tristiquesenectuset.ca;17/11/1971
Tobias Mercado;amet.consectetuer.adipiscing@Maurismagna.ca;25/07/2015
Emerson White;non@mattisIntegereu.org;19/11/1930
Brenden Guzman;nonummy.ac@sedconsequat.edu;09/06/1993
August Massey;eu.turpis@penatibusetmagnis.co.uk;30/12/2011
Amal Fleming;Nulla.interdum@perconubianostra.net;01/08/1930
Jacob Camacho;metus.facilisis@nibh.org;03/02/1972
Harlan Lawrence;odio@Morbisit.co.uk;05/05/1935
Evan Osborn;Lorem.ipsum@convallis.ca;16/07/1937
Clark Hopper;augue@orciconsectetuer.org;02/03/1931
Callum Collier;senectus.et.netus@turpis.co.uk;29/07/1940
Jesse Leon;ultrices.mauris@In.co.uk;27/09/1989
Herman Blanchard;Nulla@atpretium.net;30/04/1950
Caldwell Anderson;mi@nec.co.uk;02/07/1995
Hyatt Byrd;turpis.egestas@temporerat.edu;02/05/1935
Hilel Hutchinson;In.ornare@elitAliquam.edu;18/07/1982
Burton Mcclure;gravida.sit.amet@Integer.edu;05/02/1961
Colton Mann;Vestibulum@sagittisNullamvitae.org;25/02/1978
Daniel Irwin;consectetuer@turpis.net;06/05/1996
Orson Pugh;egestas.Sed@ultriciessemmagna.ca;11/05/2004
Slade Conley;accumsan.convallis@temporestac.edu;22/10/1993
Charles Gaines;elementum@interdumNuncsollicitudin.com;01/05/1954
Allistair Holmes;amet.consectetuer@ametmassaQuisque.org;09/06/2017
Noble Whitley;in.faucibus@quis.org;11/05/2006
Scott Underwood;dolor.Quisque.tincidunt@maurissapien.ca;21/03/1956
Paul Wilson;nulla@facilisisfacilisis.co.uk;03/12/2017
Jerome Ratliff;eu@Sed.org;01/04/1994
Norman Kent;leo@velit.com;17/12/1985
Eric Moreno;orci@Nullamvitaediam.co.uk;14/01/1978
Lester Britt;erat.in.consectetuer@tellus.net;06/03/2010
Elliott Beard;libero@justo.edu;17/12/1947
Dale Brady;id.ante@aliquetlobortis.com;22/12/1940
Brody Jenkins;Quisque.purus@iaculis.org;08/02/2015
Benjamin Soto;Cras.dictum@velsapienimperdiet.edu;22/06/2014
Darius Wagner;ipsum.Donec.sollicitudin@ipsumDonecsollicitudin.ca;27/03/2000
Chancellor Kirk;erat.volutpat.Nulla@estvitaesodales.ca;21/06/1981
Hop Briggs;erat@lacus.ca;14/10/1965
Samuel Hutchinson;faucibus.Morbi.vehicula@lobortisultrices.co.uk;09/10/1946
Gage Oneil;ipsum@iaculislacus.net;24/08/1989
Grady Boyer;dapibus@hendreritaarcu.com;25/10/1941
Brent Burks;eu.nibh.vulputate@bibendum.org;28/07/2000
Carson Schmidt;sodales.Mauris.blandit@ametmetus.com;30/08/1941
Beau Bruce;sit.amet@famesac.co.uk;17/01/1969
Armand Estrada;amet.ornare.lectus@et.edu;25/03/2009
Caleb Owens;erat.volutpat.Nulla@mauris.net;01/03/1934
Richard Mcconnell;Sed.et@purussapien.edu;17/08/1948
Hop Callahan;nisi.a@ligula.org;26/09/1985
Conan Colon;tortor.Nunc.commodo@ornareIn.net;01/05/1986
Elmo Marsh;aliquet.lobortis@estmollis.net;14/02/2013
Alvin Branch;ut.aliquam@odio.co.uk;25/05/1957
Finn Mendez;cursus@ridiculusmusProin.com;16/09/1985
Emery Morton;vestibulum.massa@nullaante.org;26/05/1933
Arthur Weeks;eget@scelerisquemollis.co.uk;31/12/1976
Griffith Bishop;id.erat@massa.ca;20/03/1986
Fritz Moore;Ut.semper@amalesuadaid.com;09/11/1970
Christopher Witt;primis@nisi.co.uk;02/05/1999
Erasmus Henson;est.congue@portaelita.co.uk;13/03/1981
Perry Cameron;sagittis.Nullam@in.org;21/06/1977
Garth Harrell;a@penatibuset.org;17/02/1984
Xenos Farrell;Fusce.dolor@semperNam.edu;26/02/2000
Micah Sherman;a@Crasvehiculaaliquet.ca;28/10/1938
Forrest Delacruz;tortor@Crasinterdum.ca;16/03/1931
Hiram Robles;est.mollis@magnisdis.com;11/12/1974
Demetrius Crawford;nibh.sit.amet@varius.co.uk;11/06/1932
Josiah Roman;lobortis.risus.In@Nuncsed.org;19/05/1948
Fitzgerald Le;purus.Nullam.scelerisque@purus.org;18/08/1942
Jakeem Levine;accumsan.laoreet.ipsum@tinciduntDonecvitae.net;01/06/1952
Lyle Hogan;Aliquam.ornare.libero@MaurismagnaDuis.org;18/01/1936
Edward Banks;metus.eu@eumetusIn.edu;22/10/1967
Tad Logan;tristique.pellentesque@euismodest.org;19/10/1989
Jack Horne;vitae.mauris.sit@molestie.org;30/03/2000
Cooper Preston;velit@lobortisquis.net;17/11/1975
Randall Alvarado;malesuada.augue.ut@egetipsumDonec.net;10/06/1940
Aidan Glenn;ante.ipsum@Sed.edu;03/02/1973
Herman Santos;neque.Nullam@idenim.com;27/07/1990
Tucker Waters;purus.in.molestie@nonlaciniaat.net;16/05/2006
Camden Drake;auctor@Nuncpulvinar.co.uk;29/11/1967
Lane Flynn;tellus.sem@tellusloremeu.com;13/05/1959
Quentin Moon;adipiscing.elit@semut.ca;15/07/1953
Thomas Clay;imperdiet@augue.com;08/12/2011
Robert George;risus.Quisque@cursuspurusNullam.net;13/02/1951
Adam Munoz;vitae@hendrerit.org;14/08/1988
Len Horton;sodales.at.velit@viverraDonec.org;22/10/1960
Eric Strickland;malesuada@Craseu.ca;17/06/1952
Rajah Tucker;vel.sapien@convallisantelectus.net;24/06/1984
Preston Russell;orci@senectus.co.uk;03/10/1934
Lawrence Leon;nunc.ac.mattis@pedeac.org;07/08/1973
Seth English;libero.Proin@velarcuCurabitur.net;22/10/2008
Paki Merrill;pharetra.nibh@Sedeunibh.ca;06/08/1974
Oleg Tyson;sapien@Aliquamrutrumlorem.edu;08/05/1937
Rooney Dejesus;volutpat.Nulla@aliquamiaculislacus.net;16/01/1970
Christopher Livingston;habitant.morbi@sitametlorem.org;25/08/1976
Hashim Hoover;arcu@insodaleselit.co.uk;14/12/2017
Ezekiel Ball;nulla.Integer.vulputate@elitpellentesque.com;05/07/1937
Colby Evans;Sed.eget@fringillaeuismodenim.net;16/06/1963
Stone Warren;sed.est.Nunc@turpis.org;20/10/1944
Malcolm Harvey;est.arcu.ac@ornareplacerat.edu;22/07/1990
Marvin Rhodes;vitae.mauris@acfeugiat.org;25/09/1984
Darius Wiggins;vestibulum@ut.edu;19/12/1959
Abdul Vincent;et.arcu@pede.co.uk;25/04/1972
Theodore Brewer;non.egestas@facilisisvitaeorci.org;10/10/1932
Kelly Hoffman;velit@Lorem.co.uk;15/06/1987
Coby Merritt;Nam.tempor@Lorem.com;21/08/1963
Hasad Woodward;nunc@eleifend.com;11/08/1959
Arsenio Riggs;Nullam.ut.nisi@nonhendrerit.edu;10/07/2005
Dean Humphrey;enim@enimSed.co.uk;21/08/1945
Lester Walton;ante@pharetra.ca;12/03/1998
Fuller Merrill;lorem.Donec.elementum@tincidunt.org;15/01/1933
Kibo Henson;parturient@nec.co.uk;22/03/1989
Thor Cole;aliquam.adipiscing@elementum.edu;23/04/1991
Quinn Valencia;aliquam.eu.accumsan@adipiscing.edu;10/08/1967
Herman Gill;leo.Vivamus@Vestibulum.co.uk;10/09/1941
Daniel Doyle;accumsan.interdum.libero@Utnec.com;29/11/1987
Armand Duffy;lacus.vestibulum.lorem@enimcommodo.com;21/05/1968
Lee Dale;iaculis.quis@inceptos.net;19/04/2013
Brendan Cline;luctus@elitfermentum.net;18/06/1938
Brendan Heath;amet.nulla@Quisque.net;30/06/2004
Bert Peters;sed.tortor.Integer@etlaciniavitae.ca;03/03/1989
Fletcher Nicholson;tincidunt.nibh.Phasellus@duiFusce.ca;06/06/1939
Cruz Deleon;ultrices@nonummy.net;17/01/1948
Dolan Collins;ornare.egestas@penatibuset.edu;13/06/1963
Graiden Garrison;Sed.congue@tellussemmollis.edu;19/09/1990
Burton Daugherty;lacus@Pellentesquetincidunttempus.ca;09/11/1933
Wing Pearson;enim.mi.tempor@metuseuerat.co.uk;14/05/2001
Owen Williams;nec.quam@venenatisa.org;19/03/1963
Reed Mooney;purus.Duis.elementum@variusNam.org;15/08/2010
Alexander Duran;est@iaculisaliquetdiam.org;04/09/1975
Kennedy Miles;tellus.sem.mollis@natoque.com;01/11/1948
Brock Weeks;dolor.Fusce.feugiat@fringillaeuismod.edu;02/12/1956
Kermit Rich;aliquet@liberoMorbiaccumsan.net;04/10/2002
Walter Hahn;lorem.eu@nullaInteger.ca;17/10/1999
Brady Miller;erat.volutpat.Nulla@Quisque.edu;01/12/2014
Cade Contreras;orci@ligulaeuenim.com;26/03/1989
Hasad Chapman;orci.tincidunt.adipiscing@ipsum.org;20/04/1948
Jack Donovan;placerat.augue@vehiculaPellentesque.com;17/06/1955
Brent Salas;magna.et@velturpisAliquam.com;18/03/1966
Yoshio Hendricks;nunc@nislelementumpurus.net;12/02/1933
Demetrius Wheeler;arcu@in.org;11/02/1983
Grady Garcia;suscipit@odioAliquam.org;29/10/1952
Timothy Boyer;eget.ipsum@erat.co.uk;28/07/1989
Moses Mccall;luctus@massa.edu;05/02/1949
Adrian Rose;mi.enim.condimentum@vulputatemaurissagittis.edu;07/06/1982
Igor Rogers;gravida.non.sollicitudin@laoreetlectusquis.co.uk;28/04/2011
Joshua Sandoval;luctus.et.ultrices@dapibusid.com;03/03/2012
Zachery Mclaughlin;lectus@egestas.co.uk;13/06/2001
Alvin Hewitt;aliquet.vel.vulputate@a.ca;13/07/1938
Xavier Nicholson;non.dapibus.rutrum@acsem.co.uk;05/09/1985
Vladimir Adkins;et@consequatnecmollis.edu;09/09/2015
Hayden Dawson;iaculis.lacus.pede@laciniaat.edu;12/11/1935
Sylvester Brown;suscipit.est@consequatpurusMaecenas.com;07/10/1950
Quamar Hyde;tortor.Nunc.commodo@mollis.com;19/07/1993
Dustin Kirkland;ac@sociisnatoquepenatibus.co.uk;25/11/1945
Tyrone Cooper;dignissim@Pellentesque.org;04/01/1970
Mark Keith;semper@neceuismod.net;10/06/1950
Jamal Duncan;nisi.Mauris.nulla@Proinegetodio.net;01/09/2007
Howard Park;erat.Etiam.vestibulum@temporarcu.com;04/02/1944
Armando Ewing;Maecenas.iaculis.aliquet@velitPellentesque.ca;06/08/1996
Oscar Meyer;luctus.lobortis@Phasellus.co.uk;10/07/1966
Benjamin Rodriquez;justo@Duis.co.uk;18/12/1984
Keefe Morales;faucibus@vestibulum.net;03/07/1978
Lucian Sloan;tempus.mauris.erat@inceptoshymenaeos.ca;25/09/2017
Jeremy Spence;luctus@lectusCum.net;25/07/1988
Xenos Gamble;consectetuer@quis.co.uk;24/01/1944
Burton Nguyen;varius.orci.in@ornareelit.com;24/09/1986
Allistair Mays;sodales@pretiumaliquetmetus.co.uk;26/11/1957
Trevor Ratliff;gravida.molestie.arcu@egetnisi.net;13/08/1953
Elvis Rios;fermentum.fermentum@lacusMaurisnon.org;16/10/1935
Drew Owen;vestibulum.neque.sed@mauris.ca;18/01/1958
Ryder Valenzuela;nisi@massa.org;05/11/1974
Hamilton Sloan;diam.Pellentesque.habitant@sit.net;21/04/1974
Vance Mccall;ipsum.sodales@fermentumfermentumarcu.net;14/03/2018
Aristotle Talley;nec.enim@laciniaSedcongue.edu;07/10/1942
Dante Aguirre;non@magnis.com;23/07/1989
Rudyard Vincent;molestie.in.tempus@ullamcorperDuisat.net;19/02/2013
Justin House;tempor.est.ac@erosnonenim.com;11/02/1967
Addison Mcdowell;lobortis.quis.pede@accumsanneque.ca;04/03/2008
Emerson Murray;posuere.enim.nisl@ipsum.com;06/12/1941
Jonah Potts;pharetra.ut.pharetra@Fusce.net;21/03/1955
Justin Campos;enim@magnisdisparturient.co.uk;22/07/1964
Quamar Fisher;fames@sagittis.net;05/06/1951
Curran Hendricks;nulla.In@NuncmaurisMorbi.com;02/12/1989
August Barber;sit.amet@libero.edu;16/03/1964
Emery Humphrey;ultrices.Vivamus@anteipsumprimis.edu;25/09/1960
Erasmus Rivers;libero.est.congue@seddolor.co.uk;16/02/2012
Emerson Casey;urna.Vivamus@Curabitur.ca;23/09/1966
Drew Salinas;enim.sit.amet@Aeneaneget.org;14/07/1967
Devin Brady;feugiat@faucibusut.net;22/06/1983
Jack William;dictum.placerat@fermentummetus.net;25/03/1978
Matthew Bass;euismod.ac@nonummy.co.uk;29/06/1969
Ferris Goodwin;Duis.mi@elementum.org;26/07/1989
Rogan Merrill;diam.vel.arcu@congueaaliquet.net;19/04/1983
Levi Ayers;dictum@magna.edu;20/09/1982
Aaron Deleon;Etiam.ligula.tortor@sagittisfelisDonec.com;23/02/2008
Nicholas Rollins;tortor.at@aliquamarcuAliquam.co.uk;15/02/1972
Basil Mason;libero.at@acfeugiatnon.net;02/03/1963
Nathan Jordan;pede.Praesent@cursusaenim.com;14/04/1931
Aidan Adams;elit.a.feugiat@milaciniamattis.org;15/01/2008
Joshua Summers;mus@sit.ca;06/04/1937
Byron Sherman;erat.Sed.nunc@sit.com;28/11/1955
Yasir Richardson;congue.a@consectetuereuismodest.com;16/02/1946
Jack Walter;mi.Aliquam@sapien.net;29/07/1980
Phelan Deleon;Mauris.magna.Duis@Vivamussitamet.net;10/07/1964
Joel Hess;mauris.ipsum@necmauris.edu;22/07/1937
Fulton Levine;Mauris.quis.turpis@Quisquenonummy.ca;07/03/1973
William Brennan;lorem.vitae@lacusCrasinterdum.co.uk;05/07/1969
Wallace Justice;lacus.Cras.interdum@loremvehicula.org;14/10/1979
Dieter Figueroa;vitae.nibh.Donec@disparturientmontes.edu;23/07/1962
Caldwell Rutledge;dui@necanteMaecenas.net;03/04/1933
Xenos Cantu;vehicula@laciniavitae.org;21/05/1960
Marshall Salas;orci@vestibulumMauris.org;06/01/1954
Daniel Ballard;erat@faucibusleo.edu;04/12/1975
Kasper Conway;consectetuer.mauris@ultrices.co.uk;17/04/1934
Boris Foley;sed.dui@nisimagna.com;07/04/2002
Nero Ochoa;arcu@rhoncus.co.uk;01/02/1932
Blake Bullock;risus@egetlacus.org;13/03/1965
Damon Odonnell;magna.sed@metusIn.ca;08/08/1962
Abbot Mccarthy;ac.feugiat.non@dictumProin.org;22/01/1963
Dane Castro;non.ante.bibendum@eutelluseu.co.uk;02/05/1994
George Chase;Curabitur@Nunc.com;11/03/2002
Brandon Hendricks;Cras@necleoMorbi.edu;17/03/1998
Harding Galloway;elit.sed@pedeultrices.ca;01/05/1979
Daquan Scott;massa@neque.com;15/12/1999
Stuart Nicholson;sodales.purus@lacusvestibulumlorem.org;27/07/1987
Gavin Ortiz;congue@a.ca;26/11/1973
Eagan Kane;diam.at.pretium@sodalesMauris.org;12/09/2015
Hu Bishop;luctus.et@SuspendisseduiFusce.org;09/05/1946
Jeremy Galloway;risus.Morbi.metus@venenatisa.net;20/04/2018
Jerome Phillips;libero@Integeraliquamadipiscing.edu;15/05/1980
Hu Wolf;orci.lobortis@erat.ca;11/02/1964
Gary Donovan;pede@hendreritDonec.co.uk;29/06/2011
Damian Powers;ultricies.adipiscing.enim@tellusPhaselluselit.net;10/06/1938
Valentine Padilla;arcu@idmagna.ca;30/11/1951
Joshua Lopez;ultricies@penatibuset.net;11/07/1933
Orson Cardenas;odio@sitametornare.org;23/07/1991
Micah Sargent;molestie.pharetra@eleifendnondapibus.co.uk;08/02/1952
Gary Long;eu.metus.In@elitsed.co.uk;05/02/1935
Nicholas Lloyd;vel.venenatis@eget.com;21/02/1997
Aaron Best;aliquet.sem@odioEtiam.org;13/08/1944
Ivor Roman;a.scelerisque@primisin.net;15/06/1944
Roth Brewer;mauris.Integer.sem@eliteratvitae.co.uk;17/12/1933
Garrett Sharp;ut.mi@ullamcorperviverra.com;06/11/2017
Magee Hubbard;erat@Sedmolestie.ca;27/12/1998
Timon Prince;et.magna.Praesent@Nuncmauris.org;20/02/2006
Hu Wolf;purus.accumsan@Maecenas.org;08/11/1936
Dylan Frost;Nulla@Maecenasliberoest.edu;13/02/2011
Jerry Simpson;Nunc.ac.sem@bibendumsedest.ca;13/06/1964
Gannon Vang;scelerisque.sed@vitaemauris.net;22/09/2004
Wayne Holloway;felis@pede.net;11/04/2012
Erich Rivas;in.lobortis.tellus@imperdietnon.co.uk;22/04/1968
Colt Winters;a@vulputatevelit.co.uk;15/10/1974
Finn Vasquez;dapibus@ametmassa.co.uk;14/06/1946
Jacob Sanchez;Morbi.neque@dolor.co.uk;18/02/1989
Dale Sykes;laoreet.posuere@magnaCrasconvallis.net;27/03/1951
Timothy Carroll;leo.Cras@mienim.net;08/10/2013
Gavin Travis;Nunc.ac.sem@sagittisplaceratCras.net;09/09/2005
Daquan Nguyen;eu.lacus@etnetuset.co.uk;02/02/1960
Omar Salazar;ac@metusurna.ca;30/03/1953
Slade Guy;malesuada@velvulputateeu.org;07/04/1982
Burton Manning;sem.eget.massa@cursusin.ca;22/08/1965
Richard Ewing;risus.In.mi@nonvestibulum.co.uk;10/07/1979
Louis Barron;ultrices.mauris.ipsum@orciadipiscing.ca;13/10/1936
Porter Dotson;feugiat.nec.diam@nostra.org;19/10/2010
Anthony Roy;luctus.lobortis.Class@Donec.edu;04/01/2011
Jacob Boyle;at.fringilla@ante.co.uk;24/01/1993
Micah Rowland;magna.et@justosit.edu;17/02/1978
Anthony Singleton;est.mollis.non@rutrumFusce.edu;15/07/1978
Reed Rodgers;auctor.quis@pharetra.org;18/05/1953
Reese Carlson;mauris.sagittis@penatibus.edu;28/07/1962
Adrian Rodriguez;et.netus@Cumsociis.org;09/06/2002
Branden Ferrell;convallis.est@liberoatauctor.ca;12/11/1952
Yoshio Bailey;sapien.imperdiet@DonecnibhQuisque.edu;02/07/1945
Asher Foreman;Sed@sagittissemper.co.uk;14/02/1954
Brian Matthews;neque.In@interdumNunc.org;11/07/1946
Brennan Griffith;tortor.Nunc.commodo@maurissit.net;16/05/1946
Honorato Bailey;Donec.sollicitudin@Cras.co.uk;20/07/1978
Wesley Fowler;Praesent@arcu.com;25/12/1972
Dean Kelly;elit.sed@duisemper.ca;04/03/1952
Joshua Chaney;posuere.enim@volutpatNulla.edu;04/07/1998
Thaddeus Conway;dictum@mattisornarelectus.net;25/10/1935
Brenden Baldwin;Quisque.nonummy@fermentumconvallisligula.org;18/01/1951
Wyatt Munoz;habitant.morbi.tristique@Nunccommodo.ca;06/07/1937
Rajah Morin;Mauris.vestibulum@aliquet.com;30/08/1932
Jeremy Garcia;cubilia.Curae.Donec@pedenonummy.co.uk;29/04/2010
Davis Goodwin;sociis.natoque.penatibus@semper.ca;30/12/1990
Colby Allison;vel.arcu@Nulla.org;11/02/1977
Perry Rush;nec.cursus.a@Phasellusdapibus.net;23/12/1974
Leroy Flynn;mollis.nec.cursus@ligulaAeneaneuismod.edu;23/05/2013
Darius Burt;ac.ipsum.Phasellus@aliquamiaculis.co.uk;09/11/1958
Norman Buchanan;mollis.dui@Maecenas.co.uk;20/08/1944
Chancellor Meyers;ut.sem.Nulla@Integervulputaterisus.com;18/12/2007
Wallace Albert;adipiscing@uterat.org;16/08/1947
Zachary Gibbs;in@sed.co.uk;21/07/2012
Omar Juarez;est@ullamcorper.org;19/02/1968
Odysseus Sargent;at.libero@hendrerit.org;12/09/1983
Solomon Sweet;leo.Morbi@erosnon.co.uk;22/12/2009
Slade Ware;scelerisque.neque@necluctusfelis.com;16/12/1964
Ulysses Wagner;vitae.purus@acliberonec.net;02/07/1943
Amos Bond;et.lacinia.vitae@Phasellus.co.uk;10/03/1984
Carl Glass;mauris.blandit@QuisquevariusNam.net;22/11/1949
Darius Whitley;sem@lorem.org;21/10/1993
Zeus Armstrong;Phasellus.at@lectus.co.uk;04/06/1987
Connor Strong;eu.dui@aliquam.co.uk;17/09/1993
Phelan Tyson;dui.nec@afeugiattellus.edu;19/09/1951
Ira Snider;luctus@vehiculaPellentesque.net;11/04/1948
Victor Ferrell;ligula.consectetuer@etnunc.ca;04/11/1986
Colorado Guy;odio.tristique@Nuncmaurissapien.org;17/02/1979
Louis Guerra;amet.nulla.Donec@infaucibusorci.org;06/02/1956
Ronan Christian;convallis.ante.lectus@In.net;22/08/1943
Uriah Mcfarland;libero.Donec.consectetuer@Proin.edu;19/12/1932
Joseph Harmon;magnis.dis@lacus.edu;18/02/1956
Oleg Dominguez;erat.Vivamus@nisi.com;21/01/1936
Adrian Castro;sagittis@pretiumaliquetmetus.co.uk;16/07/1968
Oliver Holt;egestas.hendrerit.neque@gravida.co.uk;12/08/1983
Brett Buck;nulla@facilisisvitae.co.uk;04/06/1960
Darius Bridges;feugiat.nec.diam@acmieleifend.co.uk;02/07/1965
Kennedy Conley;lobortis@sedtortorInteger.org;04/06/1963
Clarke Blanchard;Aliquam.erat.volutpat@vel.com;11/01/2000
Brent Jenkins;ornare@nuncIn.net;21/01/1944
Damian Ewing;augue@sitametornare.ca;23/09/1957
Jermaine Boyd;a.sollicitudin@DonecegestasDuis.edu;23/09/1948
Luke Fernandez;sit.amet.massa@tellus.ca;19/03/1956
Bevis Jackson;magna.Nam@metus.net;24/01/1936
Raymond Rodriquez;Maecenas.malesuada@ac.co.uk;21/02/1946
Orson Levine;vehicula@non.ca;19/12/1931
Jameson Cannon;felis@Crasdictum.edu;25/07/1963
Paul Hubbard;Integer.sem.elit@Namligulaelit.ca;31/07/1953
Carson Tate;Duis@neque.co.uk;04/01/1961
Alden Flynn;lorem.sit.amet@Aliquamfringillacursus.co.uk;22/10/1944
Colin Wolf;est.Nunc@egestasDuis.com;30/12/1967
Lester Beard;non@consectetuerrhoncus.ca;30/12/1966
Francis Morris;nec.leo@vulputatemaurissagittis.edu;21/09/1977
Nehru Greer;sed@dignissimMaecenasornare.co.uk;23/04/1994
Galvin Mcintyre;hendrerit.consectetuer.cursus@atiaculis.co.uk;15/12/1973
Rogan Wagner;nascetur.ridiculus.mus@diameu.org;06/07/1983
Aidan Barrera;dolor@egetvolutpat.co.uk;31/01/1957
Anthony Justice;orci@dui.com;06/08/1945
Axel Mccall;sapien@pedeCumsociis.co.uk;22/04/1942
Wing White;aliquet.nec.imperdiet@Pellentesqueultricies.com;26/10/1969
Herrod Holmes;eget@Suspendisse.co.uk;25/02/1972
Ignatius Rowland;nec.orci.Donec@velitPellentesqueultricies.net;28/08/1997
Blake Wall;Aliquam.auctor.velit@molestie.ca;03/10/2002
Tanek Mosley;sit@Phasellus.ca;29/01/1945
Devin Espinoza;egestas.blandit.Nam@nec.co.uk;13/05/2014
Derek Curry;tincidunt.orci.quis@sagittissemperNam.co.uk;04/07/1931
Merritt Moses;orci.quis@risusquis.edu;10/12/1997
Cairo Pennington;In.faucibus@montesnascetur.co.uk;08/11/1946
Jeremy Ross;Suspendisse@ligulaNullamenim.com;26/12/1967
Dorian Mejia;eu@ornaresagittisfelis.co.uk;16/10/1977
Paul Le;aliquet@elementum.com;17/08/1995
Yoshio Barber;nec.tellus.Nunc@et.co.uk;26/09/1986
Travis Houston;magna.malesuada.vel@nisl.co.uk;01/12/1944
Graham Casey;euismod.enim.Etiam@Fuscealiquet.co.uk;31/08/1989
Uriah Harrell;lectus.quis@vitaealiquetnec.net;18/06/1965
Bruno Wolf;placerat.augue.Sed@orcilobortis.org;26/06/2015
Coby Shepherd;nonummy.ultricies@luctusvulputatenisi.ca;08/08/2011
Kieran Campos;odio.auctor.vitae@Nulla.org;21/05/1938
Fritz Stone;lacus@orci.edu;04/03/2010
Zeus Pope;Mauris@tempusrisus.edu;22/05/1972
Martin Diaz;sit.amet@sapienCrasdolor.com;17/06/1956
Silas Burnett;magna.Nam.ligula@ac.edu;08/05/1931
Xanthus Clayton;scelerisque@quam.edu;30/08/1950
Colorado Baxter;egestas@adipiscingligulaAenean.com;05/09/1966
Hayes Frazier;varius@cursus.net;21/01/1955
Sawyer Callahan;Phasellus@diam.ca;12/07/2008